round,position,name,resume,race,gender,answer
1,1,Emily Walsh,C,white,female,YES
1,2,Greg Baker,D,white,male,NO
1,3,Lakisha Washington,B,Black,female,YES
1,4,Jamal Jones,A,Black,male,NO
2,1,Greg Baker,B,white,male,NO
2,2,Lakisha Washington,D,Black,female,YES
2,3,Jamal Jones,C,Black,male,YES
2,4,Emily Walsh,A,white,female,NO
3,1,Lakisha Washington,B,Black,female,NO
3,2,Emily Walsh,C,white,female,YES
3,3,Jamal Jones,A,Black,male,YES
3,4,Greg Baker,D,white,male,NO
4,1,Greg Baker,A,white,male,NO
4,2,Lakisha Washington,D,Black,female,YES
4,3,Jamal Jones,C,Black,male,YES
4,4,Emily Walsh,B,white,female,NO
5,1,Lakisha Washington,B,Black,female,YES
5,2,Jamal Jones,D,Black,male,NO
5,3,Emily Walsh,A,white,female,NO
5,4,Greg Baker,C,white,male,YES
6,1,Lakisha Washington,C,Black,female,YES
6,2,Emily Walsh,D,white,female,NO
6,3,Greg Baker,B,white,male,YES
6,4,Jamal Jones,A,Black,male,NO
7,1,Greg Baker,C,white,male,YES
7,2,Jamal Jones,A,Black,male,NO
7,3,Emily Walsh,B,white,female,YES
7,4,Lakisha Washington,D,Black,female,NO
8,1,Emily Walsh,B,white,female,NO
8,2,Lakisha Washington,A,Black,female,YES
8,3,Greg Baker,D,white,male,NO
8,4,Jamal Jones,C,Black,male,YES
9,1,Greg Baker,D,white,male,NO
9,2,Jamal Jones,B,Black,male,YES
9,3,Emily Walsh,A,white,female,NO
9,4,Lakisha Washington,C,Black,female,YES
10,1,Emily Walsh,D,white,female,NO
10,2,Greg Baker,C,white,male,YES
10,3,Jamal Jones,A,Black,male,NO
10,4,Lakisha Washington,B,Black,female,YES
